CREATE SCHEMA IF NOT EXISTS administracion; 
USE administracion;
--
-- Base de datos: `administracion`
--

-- --------------------------------------------------------

--
-- Estructura de tabla para la tabla `historial`
--

CREATE TABLE IF NOT EXISTS `historial` (
  `idhistorial` int(11) NOT NULL,
  `usuarios_idusuarios` int(11) NOT NULL,
  `id` varchar(11) COLLATE utf8_spanish_ci DEFAULT NULL,
  `ingreso` timestamp NULL DEFAULT NULL,
  `salida` timestamp NULL DEFAULT NULL,
  PRIMARY KEY (`idhistorial`),
  KEY `fk_historial_usuarios1_idx` (`usuarios_idusuarios`)
) ENGINE=InnoDB DEFAULT CHARSET=utf8 COLLATE=utf8_spanish_ci;

--
-- Volcar la base de datos para la tabla `historial`
--


-- --------------------------------------------------------

--
-- Estructura de tabla para la tabla `nivel_usuario`
--

CREATE TABLE IF NOT EXISTS `nivel_usuario` (
  `idnivel_usuario` int(11) NOT NULL AUTO_INCREMENT,
  `usuarios_idusuarios` int(11) NOT NULL,
  `Insertar_Informacion` tinyint(1) NOT NULL,
  `Modificar_Informacion` tinyint(1) NOT NULL,
  `Deshabilitar_Habilitar` tinyint(1) NOT NULL,
  `Eliminacion` tinyint(1) NOT NULL,
  `Consultar_Informacion` tinyint(1) NOT NULL,
  `Asignar_Permisos` tinyint(1) NOT NULL,
  `Acceso_inventario` tinyint(1) NOT NULL,
  `Acceso_Cursos` tinyint(1) NOT NULL,
  `Acceso_Soporte` tinyint(1) NOT NULL,
  PRIMARY KEY (`idnivel_usuario`),
  KEY `usuario_idusuarios` (`usuarios_idusuarios`)
) ENGINE=InnoDB  DEFAULT CHARSET=utf8 COLLATE=utf8_spanish_ci AUTO_INCREMENT=19 ;

--
-- Volcar la base de datos para la tabla `nivel_usuario`
--

INSERT INTO `nivel_usuario` (`idnivel_usuario`, `usuarios_idusuarios`, `Insertar_Informacion`, `Modificar_Informacion`, `Deshabilitar_Habilitar`, `Eliminacion`, `Consultar_Informacion`, `Asignar_Permisos`, `Acceso_inventario`, `Acceso_Cursos`, `Acceso_Soporte`) VALUES
(4, 24, 1, 1, 1, 0, 1, 1, 0, 1, 1),
(5, 25, 0, 0, 0, 0, 1, 1, 0, 0, 0),
(6, 26, 0, 0, 0, 0, 0, 0, 0, 0, 0),
(7, 27, 0, 0, 0, 0, 0, 0, 0, 0, 0),
(8, 28, 0, 0, 0, 0, 0, 0, 0, 0, 0),
(9, 29, 0, 0, 0, 0, 0, 0, 0, 0, 0),
(10, 30, 0, 0, 0, 0, 0, 0, 0, 0, 0),
(11, 31, 0, 0, 0, 0, 0, 0, 0, 0, 0),
(12, 32, 0, 0, 0, 0, 0, 0, 0, 0, 0),
(13, 33, 0, 0, 0, 0, 0, 0, 0, 0, 0),
(14, 34, 0, 0, 0, 0, 0, 0, 0, 0, 0),
(15, 35, 0, 0, 0, 0, 0, 0, 0, 0, 0),
(16, 36, 0, 0, 0, 0, 0, 0, 0, 0, 0),
(17, 37, 0, 1, 1, 0, 1, 1, 0, 0, 0),
(18, 38, 0, 0, 0, 0, 0, 0, 0, 0, 0);

-- --------------------------------------------------------

--
-- Estructura de tabla para la tabla `personas`
--

CREATE TABLE IF NOT EXISTS `personas` (
  `idpersonas` int(11) NOT NULL AUTO_INCREMENT,
  `nombres` varchar(70) COLLATE utf8_spanish_ci DEFAULT NULL,
  `apellidos` varchar(70) COLLATE utf8_spanish_ci DEFAULT NULL,
  `nacionalidad` char(1) COLLATE utf8_spanish_ci DEFAULT NULL,
  `cedula` int(11) DEFAULT NULL,
  `sexo` enum('M','F') COLLATE utf8_spanish_ci DEFAULT NULL,
  `email` varchar(100) COLLATE utf8_spanish_ci DEFAULT NULL,
  `telefono` varchar(14) COLLATE utf8_spanish_ci DEFAULT NULL,
  `estado` varchar(30) COLLATE utf8_spanish_ci NOT NULL,
  `direccion` text COLLATE utf8_spanish_ci NOT NULL,
  PRIMARY KEY (`idpersonas`)
) ENGINE=InnoDB  DEFAULT CHARSET=utf8 COLLATE=utf8_spanish_ci AUTO_INCREMENT=39 ;

--
-- Volcar la base de datos para la tabla `personas`
--

INSERT INTO `personas` (`idpersonas`, `nombres`, `apellidos`, `nacionalidad`, `cedula`, `sexo`, `email`, `telefono`, `estado`, `direccion`) VALUES
(21, 'joeinny', 'osorio pirela', 'V', 21183656, 'F', 'joenny@algo.com', '0274-9961715', 'Barinas', 'dfdfdfdfd'),
(22, 'wuilson', 'araqu', 'V', 18620391, 'M', 'joenny@algo.com', '0412-7995795', '', ''),
(23, 'joeinny mildred', 'osorio pirela', 'V', 21183656, 'F', 'joenny@algo.com', '0274-9961715', '', ''),
(24, 'joeinny tdrmildred', 'pirela', 'V', 21000008, 'F', 'joanny@algo.com', '0412-7995795', 'Portuguesa', 'tyutyutyu'),
(25, 'anna', 'dugarte', 'V', 20000000, 'F', 'joeinnyosorio@gmail.com', '0274-9961715', '', ''),
(26, 'ericak', 'sssss', 'V', 21183656, 'F', 'ericka@hotmail.com', '0416-3456732', '', ''),
(27, 'Ericka', 'Simancas', 'V', 20543212, 'F', 'erck_simancas@hotmail.com', '0416-3456732', '', ''),
(28, '', '', 'V', 21183656, 'F', '', '0416-3456732', '', ''),
(29, 'Ericka', 'simacss', 'V', 6556565, 'F', 'ericka@hotmail.com', '0416-2132345', '', ''),
(30, 'Nelly ', 'Oritz', 'V', 203456474, 'F', 'nelly@hotmail.com', '0416-3452145', '', ''),
(31, '', 'dfdd', 'V', 12345678, 'F', 'ericka@hotmail.com', '0416-3456732', '', ''),
(32, '', 'essdsd', 'V', 12345678, 'M', 'aa', '0416-2132345', '', ''),
(33, '', '', 'V', 21000000, '', '', '0416-3456732', '', ''),
(34, 'erere', 'sfdf', 'V', 21183656, '', 'aa', '0274-9961715', '', ''),
(35, 'ericak', 'simacnas', 'V', 18620391, 'F', 'ericka@hotmail.com', '54545455', '', ''),
(36, 'mariangela', 'teran', 'V', 24993574, 'F', 'nelly@hotmail.com', '0416-3456732', 'Vargas', ' oscuro calle 5 entre avenida 2 '),
(37, 'ericka', 'sanchez', 'V', 206573214, 'F', 'erck_simancas@hotmail.com', '0416-2132345', 'Nueva Esparta', ' ejido'),
(38, 'omar', 'osorio', 'V', 0, 'M', 'omaroso@yahoo.com', '04147572658', 'Zulia', ' por algun lugar');

-- --------------------------------------------------------

--
-- Estructura de tabla para la tabla `punto_libre`
--

CREATE TABLE IF NOT EXISTS `punto_libre` (
  `idpunto_libre` int(11) NOT NULL AUTO_INCREMENT,
  `direccion` text COLLATE utf8_spanish_ci,
  `fecha__creacion` date DEFAULT NULL,
  `croquis_punto` mediumblob,
  `ciudad` varchar(30) COLLATE utf8_spanish_ci DEFAULT NULL,
  `estado` varchar(30) COLLATE utf8_spanish_ci DEFAULT NULL,
  PRIMARY KEY (`idpunto_libre`)
) ENGINE=InnoDB  DEFAULT CHARSET=utf8 COLLATE=utf8_spanish_ci AUTO_INCREMENT=6 ;

--
-- Volcar la base de datos para la tabla `punto_libre`
--

INSERT INTO `punto_libre` (`idpunto_libre`, `direccion`, `fecha__creacion`, `croquis_punto`, `ciudad`, `estado`) VALUES
(1, 'dvv', '2014-06-20', 0xffd8ffe000104a46494600010100000100010000ffdb008400090607080706090807080a0a090b0d160f0d0c0c0d1b14151016201d2222201d1f1f2428342c242631271f1f2d3d2d3135373a3a3a232b3f443f384334393a37010a0a0a0d0c0d1a0f0f1a37251f253737373737373737373737373737373737373737373737373737373737373737373737373737373737373737373737373737ffc0001108005a008703012200021101031101ffc4001b00000202030100000000000000000000000506030400020701ffc4003910000201030301050603070403000000000102030004110512213106134151611422327181910742a11523b1c1d1e1f0335272a2161782ffc4001a010003010101010000000000000000000000010203050406ffc40026110002020103040105010000000000000000010211031221310413415114152232526105ffda000c03010002110311003f00a046df85cfdab5dcdb8641da6888b763f97f4af4c1c608e2bad670681b2843f0b1fb540d1b1e141268c7b2e7a05a9a3b37f05fd2958c0d12c898257ef446dd8f90abc2ccfe618a9a3b34f0cd160408cdc54cade7d6ac8b3047ba16bd160de181f5a9b0200d8f0352894638524d49ec6ea3273f7a8d9197cfef46c324123118db5ea93e3500603aa9adc48be5482cb224c0acef49fcc0556ef18fc350cacfe2714a835171e661f9c55596e31f98555759d870af55da099bf2b55a8a275124b7209e5856543ec0dd5f22b2aa90ad8512de45ea8c7e9576dec64931fbbebe94cb25aabe32010062bd8b6a1da31586bb2a808da349b72545577b0990e028e3d6990ccbbb61fbd5882c558ef3927d454eb6b92946f81563b26273311b7d0d6decaa8d944c0a6992c7767a28ff008d40f6298c34807c968ee06862db2055dcca4569deaa8e01a393d8c4a32d293e954deda3f31f5ab524c5a59445c6472b9f4a9a210b73271e82bc78d133c826abbc8abd6ab9122d3c30b7c22b44b684125eaaac849c039a906e27a1a5432768adf6f4c55695a14e8a2ad451027f79c0f4ab4218c8180df5153743a020959cfb8ac7d00ac64b827fd065f98a3aca1475c0f9d46ec0f56a3506904a5948fcb06159445a451e39fad653d4c29059eef4dc1df73b1bccb7f7a1171aa5af7a422bb8ff0073362a18b4e4b9b76b816f34698e03672df21535968904b66b25c195252fd157e15f5142d11e590d4e5c04f4d9eda541be7b7887934dc9fa1a28b711dba809711483fe793f4c52eea105be977f1c9671931ac6096650706a2935f609930c2c40249d9d6b392bdd1b47edd9f239026440d82335035b3b9cef35cddfb7d79a66a617569a08ecde2320223f80e40007a75ad9ff0016749cb6d9e62078ac2715845a92b4cf4cb1493e2c7db8b46dbc92079d09bbb7da0fbf93f3ae61dadedaea3a85fc579a36a3a825949188c2c45d0778bf171f51cd08b6d57b457b14b3c175a8c91c2c5646ef88da40cf427c8d5472531be976bba3aa1b49e6e53017cc9ade2d19df05e64fbe6b95e91adead26a765dedf5e3234c81834cc460b007233d2bb1430db2213733499f246c0ad6395c96c63930686932acb6705b7fa6e80f89c9350a4c10fbac1beb59af5e5958e9f2dc59d9c9772a2938259f1c139c0ebd2b9fa7e24dd18b9d2225603928ae011e27d28795274c51c129ab89d17da273d0051f2a9a0134edb43807e75cf2c3f13e31206b9d25265270162b921b3e1c15e6bacc77b04109794416eb91f9c78f9f4a979156c53c328bfb8a834f23990337ff550cd659ced4753e86a47ed5f6743956d6ac415ce7f7e38f9d14b7bab69eda3bbb7ba824b7917724aad9561e60d67dd68aec805f4b9c7e5273e39aca65599244dc191c1e8ca4106b28ef483b3116ee3b4fa7da6a767a5c81c5c5c0c00832aa402792791faf5adae7539b7b1b54c707208c8c5723d5afe46ed059ea10ee631be4b60800ab636fe9fa537fed993390157e4d5a628b95939d2c75fd0f3ea17d3623948642790f10354eeb5dd1b4394c37b6ecd7576bdcc4225dca0b02338278e7c6877ed591b92c73f314b171792ff00e6d6d20773211ceee81082303e993f5a7954a292f61d3e99c9bf5b947f105d43c676a9cdb7008cf46f5f9d048ac84ba4ca638a25f67903960815e45e846eebe47ef4c5f88e1a29a1408157d9f00f8e7752eb6f1a34d7328251e611439c80c304b30f3f0fad78a3c23ae92a0d40e53b3f6d1a398216ddbd71f16646c73f53fe0e0cf64364b0eab106057b9ef30075c020ff001149b71a85e0b1b0b7076c2a8ed82b8dd976ebf6147bb237460ba9d8060b2d9c8afe39e84f1f4aa83719599e58dc1a60dbcef94fbae176b724373bbf953bf643599753ef2d2e0959208c6242d92de049cf8f4a54d4a26431c5267bd037c8391b493900fae0024fad5cec5111ebf76a01188318f3cb2ff9f5ad70c9a96c63d4c232c6db5c0ebaa0786ce6924914a847e33d7dd35cb2eae595dd481968c8393e9d2ba0bdf36a3d9ebfba2ab1bc10ce0a8f352c9d7e95cf2e043eccd72cc0ec04100739ce3146496a9b62e961a61443632bc490cf132f791ed914f915c11fa8a7fedf7686e5aded96cb6daabb8dddda80d2639dd93ce3e1e9fceb9c59e7d90066c1200c8ea7a7f4a6ed76ed26ecde9d246a1ae26529ef804a8e878f2f77158c9be0f44a09bb606960b2bbeceaa5baaa5fc72192598966675c9183938f11e19e051a7d76eee3f0f60d3d96110404c2a36e18e0fc591e3863e3c9e78a5ed0d19b4dbfc01bb0132c3cc9e3eb8aded6676d075080e480c840f2278cff00d7f4a97763a43afe106b8b61a5dfd94801c4e2519f00540c7fd0fdeb295bb217b6d64f3a4d2c518955486660338cf1cf8f24d657b71628ca36737a89ca391a45dd5b47d66695458db168d63001691570c7963d7ccd588740d71c1ef6f2e1085181ba3393e20fbbfd6987db369c6ee7d1715b35fb2f4df8ebcad7cdfd53a84aa3b1d19618cff24078fb3babaa296b89656c1c80ea3cbc768fe1fde19742d65ae62bc9ed13be882a47dcb6e38031cee651f5fd28dfb7cb93b8ba8ad86a0e580133b71e0293ff004fa8e5ee258a11fc501759d1352d61addaf6caf24740473342a3079c120138f97dea7d43b2fa8ea896cd24f05a2c4b816eaa645e0f4078c0c0028b9d4b6fc72499f00580ac5d490e400e479ee06b3975f9dada91a242e6a5d8bbdbbb80e93d94655301522645ea4f4e71d4fdeade9fd8e9ace5ef9eea294ec2a10a600cf8e73fca8d9bb6c1da1c13e19fef5e8bc91bdd1de649f123fad4fcfcfec7a580e5ec9ea734b34cd7f6a6494ee2cc84e0f8e06ee9d3ed5bd9f636eade59e496f5499d02b0438030460f5e7a789a2d25f3c676b473e7d3247e86b57d41c11fbb9867a3146c51f3ba86b9138b25d33474d3a2b884277b05c2932a492ee0ee5998f04fba39e83d739a58d63b35797210db59d92c8d9129497681cf00781c0f3f2a62f6f978521812323dd3cfeb5e7b6c9f0e587cd3fbd35d7e78f24a5e85fb2ec0240cbdfdcb5c44ab8eeb8424f812cac7f4a9efbb39a830861b08ad22b68e3eef0f2348eab9cf19f527c8f8668d09a56f81cb3792264d45ed5283b5bbecff00b76f3f6cd0baecf7765530259f642fe0b59a259edf748d90db4f0307c3ea6abffe157cb6f242b73100c57e1665ce33d78e7923ed4c8b72cf9c29dde4c304d78d70c00062c67cda8f9d9bd8d2625ffebfd424ca5d4d084e08ee989e40f51f3aca7269e451911103cc35655fcfccfc83c6c57fda6eebbb6ed519f794e4fcbafa54b05fbc920014aa01d5d87df14c2218839c4483e4a2b665008000c63a562e71f44a834f762eb5d21567ef998671d7afa544b7a55c6d6009cf2581ce3ca9b0fbabeef1c81c5785d9465588c30c60fcea7b8bd14f15f916e3ba91db2319f12c3e2e7d335badcce0025491f624f960e0d34db4d29eb239e075635e877debef37c5e750f3afd4aed35e457fda455c426de4ef48ce0ae063c0d4c2f09cf7b120038c3202451c2ecb8dac47bfe07e55edbcd2969c191c804e06e3c714bb917e03b525e40ef7970abb6384907cd3071e62b15aefe3da517182003fc28c8762172c4e7ccfad6c49c9193fe66a7b91f40e0f9b0034b731b650381e6a1b9ad9a6b99240c7bd2b8fcc8c09f90c516691c471e1d8673d0fa578cec7ab13c79d57717a23b2f9b2925cce14916d330f0e093f6a85ae262c3f77382de1b0e07356d9887e09ea7c6a589dc630cdc939e7e54b5abe074f804c9a85d28c08e5e3a7b847f2eb517ed369331c8b22927de620e17fad305c48eb112aec3a0e0fa9aa32c9219882ed8dc78cd6b19c5f80a6bc82975156244524d2ed1ced635957e777eed7de6e9e75ed56a8fa1efecfffd9, 'Aragua', 'Amazonas'),
(2, 'sdssdfghj', '2014-05-13', 0xffd8ffe000104a46494600010100000100010000ffdb008400090607080706090807080a0a090b0d160f0d0c0c0d1b14151016201d2222201d1f1f2428342c242631271f1f2d3d2d3135373a3a3a232b3f443f384334393a37010a0a0a0d0c0d1a0f0f1a37251f253737373737373737373737373737373737373737373737373737373737373737373737373737373737373737373737373737ffc0001108005a008703012200021101031101ffc4001b00000202030100000000000000000000000506030400020701ffc4003910000201030301050603070403000000000102030004110512213106134151611422327181910742a11523b1c1d1e1f0335272a2161782ffc4001a010003010101010000000000000000000000010203050406ffc40026110002020103040105010000000000000000010211031221310413415114152232526105ffda000c03010002110311003f00a046df85cfdab5dcdb8641da6888b763f97f4af4c1c608e2bad670681b2843f0b1fb540d1b1e141268c7b2e7a05a9a3b37f05fd2958c0d12c898257ef446dd8f90abc2ccfe618a9a3b34f0cd160408cdc54cade7d6ac8b3047ba16bd160de181f5a9b0200d8f0352894638524d49ec6ea3273f7a8d9197cfef46c324123118db5ea93e3500603aa9adc48be5482cb224c0acef49fcc0556ef18fc350cacfe2714a835171e661f9c55596e31f98555759d870af55da099bf2b55a8a275124b7209e5856543ec0dd5f22b2aa90ad8512de45ea8c7e9576dec64931fbbebe94cb25aabe32010062bd8b6a1da31586bb2a808da349b72545577b0990e028e3d6990ccbbb61fbd5882c558ef3927d454eb6b92946f81563b26273311b7d0d6decaa8d944c0a6992c7767a28ff008d40f6298c34807c968ee06862db2055dcca4569deaa8e01a393d8c4a32d293e954deda3f31f5ab524c5a59445c6472b9f4a9a210b73271e82bc78d133c826abbc8abd6ab9122d3c30b7c22b44b684125eaaac849c039a906e27a1a5432768adf6f4c55695a14e8a2ad451027f79c0f4ab4218c8180df5153743a020959cfb8ac7d00ac64b827fd065f98a3aca1475c0f9d46ec0f56a3506904a5948fcb06159445a451e39fad653d4c29059eef4dc1df73b1bccb7f7a1171aa5af7a422bb8ff0073362a18b4e4b9b76b816f34698e03672df21535968904b66b25c195252fd157e15f5142d11e590d4e5c04f4d9eda541be7b7887934dc9fa1a28b711dba809711483fe793f4c52eea105be977f1c9671931ac6096650706a2935f609930c2c40249d9d6b392bdd1b47edd9f239026440d82335035b3b9cef35cddfb7d79a66a617569a08ecde2320223f80e40007a75ad9ff0016749cb6d9e62078ac2715845a92b4cf4cb1493e2c7db8b46dbc92079d09bbb7da0fbf93f3ae61dadedaea3a85fc579a36a3a825949188c2c45d0778bf171f51cd08b6d57b457b14b3c175a8c91c2c5646ef88da40cf427c8d5472531be976bba3aa1b49e6e53017cc9ade2d19df05e64fbe6b95e91adead26a765dedf5e3234c81834cc460b007233d2bb1430db2213733499f246c0ad6395c96c63930686932acb6705b7fa6e80f89c9350a4c10fbac1beb59af5e5958e9f2dc59d9c9772a2938259f1c139c0ebd2b9fa7e24dd18b9d2225603928ae011e27d28795274c51c129ab89d17da273d0051f2a9a0134edb43807e75cf2c3f13e31206b9d25265270162b921b3e1c15e6bacc77b04109794416eb91f9c78f9f4a979156c53c328bfb8a834f23990337ff550cd659ced4753e86a47ed5f6743956d6ac415ce7f7e38f9d14b7bab69eda3bbb7ba824b7917724aad9561e60d67dd68aec805f4b9c7e5273e39aca65599244dc191c1e8ca4106b28ef483b3116ee3b4fa7da6a767a5c81c5c5c0c00832aa402792791faf5adae7539b7b1b54c707208c8c5723d5afe46ed059ea10ee631be4b60800ab636fe9fa537fed993390157e4d5a628b95939d2c75fd0f3ea17d3623948642790f10354eeb5dd1b4394c37b6ecd7576bdcc4225dca0b02338278e7c6877ed591b92c73f314b171792ff00e6d6d20773211ceee81082303e993f5a7954a292f61d3e99c9bf5b947f105d43c676a9cdb7008cf46f5f9d048ac84ba4ca638a25f67903960815e45e846eebe47ef4c5f88e1a29a1408157d9f00f8e7752eb6f1a34d7328251e611439c80c304b30f3f0fad78a3c23ae92a0d40e53b3f6d1a398216ddbd71f16646c73f53fe0e0cf64364b0eab106057b9ef30075c020ff001149b71a85e0b1b0b7076c2a8ed82b8dd976ebf6147bb237460ba9d8060b2d9c8afe39e84f1f4aa83719599e58dc1a60dbcef94fbae176b724373bbf953bf643599753ef2d2e0959208c6242d92de049cf8f4a54d4a26431c5267bd037c8391b493900fae0024fad5cec5111ebf76a01188318f3cb2ff9f5ad70c9a96c63d4c232c6db5c0ebaa0786ce6924914a847e33d7dd35cb2eae595dd481968c8393e9d2ba0bdf36a3d9ebfba2ab1bc10ce0a8f352c9d7e95cf2e043eccd72cc0ec04100739ce3146496a9b62e961a61443632bc490cf132f791ed914f915c11fa8a7fedf7686e5aded96cb6daabb8dddda80d2639dd93ce3e1e9fceb9c59e7d90066c1200c8ea7a7f4a6ed76ed26ecde9d246a1ae26529ef804a8e878f2f77158c9be0f44a09bb606960b2bbeceaa5baaa5fc72192598966675c9183938f11e19e051a7d76eee3f0f60d3d96110404c2a36e18e0fc591e3863e3c9e78a5ed0d19b4dbfc01bb0132c3cc9e3eb8aded6676d075080e480c840f2278cff00d7f4a97763a43afe106b8b61a5dfd94801c4e2519f00540c7fd0fdeb295bb217b6d64f3a4d2c518955486660338cf1cf8f24d657b71628ca36737a89ca391a45dd5b47d66695458db168d63001691570c7963d7ccd588740d71c1ef6f2e1085181ba3393e20fbbfd6987db369c6ee7d1715b35fb2f4df8ebcad7cdfd53a84aa3b1d19618cff24078fb3babaa296b89656c1c80ea3cbc768fe1fde19742d65ae62bc9ed13be882a47dcb6e38031cee651f5fd28dfb7cb93b8ba8ad86a0e580133b71e0293ff004fa8e5ee258a11fc501759d1352d61addaf6caf24740473342a3079c120138f97dea7d43b2fa8ea896cd24f05a2c4b816eaa645e0f4078c0c0028b9d4b6fc72499f00580ac5d490e400e479ee06b3975f9dada91a242e6a5d8bbdbbb80e93d94655301522645ea4f4e71d4fdeade9fd8e9ace5ef9eea294ec2a10a600cf8e73fca8d9bb6c1da1c13e19fef5e8bc91bdd1de649f123fad4fcfcfec7a580e5ec9ea734b34cd7f6a6494ee2cc84e0f8e06ee9d3ed5bd9f636eade59e496f5499d02b0438030460f5e7a789a2d25f3c676b473e7d3247e86b57d41c11fbb9867a3146c51f3ba86b9138b25d33474d3a2b884277b05c2932a492ee0ee5998f04fba39e83d739a58d63b35797210db59d92c8d9129497681cf00781c0f3f2a62f6f978521812323dd3cfeb5e7b6c9f0e587cd3fbd35d7e78f24a5e85fb2ec0240cbdfdcb5c44ab8eeb8424f812cac7f4a9efbb39a830861b08ad22b68e3eef0f2348eab9cf19f527c8f8668d09a56f81cb3792264d45ed5283b5bbecff00b76f3f6cd0baecf7765530259f642fe0b59a259edf748d90db4f0307c3ea6abffe157cb6f242b73100c57e1665ce33d78e7923ed4c8b72cf9c29dde4c304d78d70c00062c67cda8f9d9bd8d2625ffebfd424ca5d4d084e08ee989e40f51f3aca7269e451911103cc35655fcfccfc83c6c57fda6eebbb6ed519f794e4fcbafa54b05fbc920014aa01d5d87df14c2218839c4483e4a2b665008000c63a562e71f44a834f762eb5d21567ef998671d7afa544b7a55c6d6009cf2581ce3ca9b0fbabeef1c81c5785d9465588c30c60fcea7b8bd14f15f916e3ba91db2319f12c3e2e7d335badcce0025491f624f960e0d34db4d29eb239e075635e877debef37c5e750f3afd4aed35e457fda455c426de4ef48ce0ae063c0d4c2f09cf7b120038c3202451c2ecb8dac47bfe07e55edbcd2969c191c804e06e3c714bb917e03b525e40ef7970abb6384907cd3071e62b15aefe3da517182003fc28c8762172c4e7ccfad6c49c9193fe66a7b91f40e0f9b0034b731b650381e6a1b9ad9a6b99240c7bd2b8fcc8c09f90c516691c471e1d8673d0fa578cec7ab13c79d57717a23b2f9b2925cce14916d330f0e093f6a85ae262c3f77382de1b0e07356d9887e09ea7c6a589dc630cdc939e7e54b5abe074f804c9a85d28c08e5e3a7b847f2eb517ed369331c8b22927de620e17fad305c48eb112aec3a0e0fa9aa32c9219882ed8dc78cd6b19c5f80a6bc82975156244524d2ed1ced635957e777eed7de6e9e75ed56a8fa1efecfffd9, 'Aragua', 'Amazonas'),
(3, 'ya estamos cansadas', '2014-06-19', '', 'Barcelona', 'Trujillo'),
(4, 'ejidodÃ¡a', '2014-06-02', 0xffd8ffe000104a46494600010100000100010000ffdb008400090607080706090807080a0a090b0d160f0d0c0c0d1b14151016201d2222201d1f1f2428342c242631271f1f2d3d2d3135373a3a3a232b3f443f384334393a37010a0a0a0d0c0d1a0f0f1a37251f253737373737373737373737373737373737373737373737373737373737373737373737373737373737373737373737373737ffc0001108005a008703012200021101031101ffc4001b00000202030100000000000000000000000506030400020701ffc4003910000201030301050603070403000000000102030004110512213106134151611422327181910742a11523b1c1d1e1f0335272a2161782ffc4001a010003010101010000000000000000000000010203050406ffc40026110002020103040105010000000000000000010211031221310413415114152232526105ffda000c03010002110311003f00a046df85cfdab5dcdb8641da6888b763f97f4af4c1c608e2bad670681b2843f0b1fb540d1b1e141268c7b2e7a05a9a3b37f05fd2958c0d12c898257ef446dd8f90abc2ccfe618a9a3b34f0cd160408cdc54cade7d6ac8b3047ba16bd160de181f5a9b0200d8f0352894638524d49ec6ea3273f7a8d9197cfef46c324123118db5ea93e3500603aa9adc48be5482cb224c0acef49fcc0556ef18fc350cacfe2714a835171e661f9c55596e31f98555759d870af55da099bf2b55a8a275124b7209e5856543ec0dd5f22b2aa90ad8512de45ea8c7e9576dec64931fbbebe94cb25aabe32010062bd8b6a1da31586bb2a808da349b72545577b0990e028e3d6990ccbbb61fbd5882c558ef3927d454eb6b92946f81563b26273311b7d0d6decaa8d944c0a6992c7767a28ff008d40f6298c34807c968ee06862db2055dcca4569deaa8e01a393d8c4a32d293e954deda3f31f5ab524c5a59445c6472b9f4a9a210b73271e82bc78d133c826abbc8abd6ab9122d3c30b7c22b44b684125eaaac849c039a906e27a1a5432768adf6f4c55695a14e8a2ad451027f79c0f4ab4218c8180df5153743a020959cfb8ac7d00ac64b827fd065f98a3aca1475c0f9d46ec0f56a3506904a5948fcb06159445a451e39fad653d4c29059eef4dc1df73b1bccb7f7a1171aa5af7a422bb8ff0073362a18b4e4b9b76b816f34698e03672df21535968904b66b25c195252fd157e15f5142d11e590d4e5c04f4d9eda541be7b7887934dc9fa1a28b711dba809711483fe793f4c52eea105be977f1c9671931ac6096650706a2935f609930c2c40249d9d6b392bdd1b47edd9f239026440d82335035b3b9cef35cddfb7d79a66a617569a08ecde2320223f80e40007a75ad9ff0016749cb6d9e62078ac2715845a92b4cf4cb1493e2c7db8b46dbc92079d09bbb7da0fbf93f3ae61dadedaea3a85fc579a36a3a825949188c2c45d0778bf171f51cd08b6d57b457b14b3c175a8c91c2c5646ef88da40cf427c8d5472531be976bba3aa1b49e6e53017cc9ade2d19df05e64fbe6b95e91adead26a765dedf5e3234c81834cc460b007233d2bb1430db2213733499f246c0ad6395c96c63930686932acb6705b7fa6e80f89c9350a4c10fbac1beb59af5e5958e9f2dc59d9c9772a2938259f1c139c0ebd2b9fa7e24dd18b9d2225603928ae011e27d28795274c51c129ab89d17da273d0051f2a9a0134edb43807e75cf2c3f13e31206b9d25265270162b921b3e1c15e6bacc77b04109794416eb91f9c78f9f4a979156c53c328bfb8a834f23990337ff550cd659ced4753e86a47ed5f6743956d6ac415ce7f7e38f9d14b7bab69eda3bbb7ba824b7917724aad9561e60d67dd68aec805f4b9c7e5273e39aca65599244dc191c1e8ca4106b28ef483b3116ee3b4fa7da6a767a5c81c5c5c0c00832aa402792791faf5adae7539b7b1b54c707208c8c5723d5afe46ed059ea10ee631be4b60800ab636fe9fa537fed993390157e4d5a628b95939d2c75fd0f3ea17d3623948642790f10354eeb5dd1b4394c37b6ecd7576bdcc4225dca0b02338278e7c6877ed591b92c73f314b171792ff00e6d6d20773211ceee81082303e993f5a7954a292f61d3e99c9bf5b947f105d43c676a9cdb7008cf46f5f9d048ac84ba4ca638a25f67903960815e45e846eebe47ef4c5f88e1a29a1408157d9f00f8e7752eb6f1a34d7328251e611439c80c304b30f3f0fad78a3c23ae92a0d40e53b3f6d1a398216ddbd71f16646c73f53fe0e0cf64364b0eab106057b9ef30075c020ff001149b71a85e0b1b0b7076c2a8ed82b8dd976ebf6147bb237460ba9d8060b2d9c8afe39e84f1f4aa83719599e58dc1a60dbcef94fbae176b724373bbf953bf643599753ef2d2e0959208c6242d92de049cf8f4a54d4a26431c5267bd037c8391b493900fae0024fad5cec5111ebf76a01188318f3cb2ff9f5ad70c9a96c63d4c232c6db5c0ebaa0786ce6924914a847e33d7dd35cb2eae595dd481968c8393e9d2ba0bdf36a3d9ebfba2ab1bc10ce0a8f352c9d7e95cf2e043eccd72cc0ec04100739ce3146496a9b62e961a61443632bc490cf132f791ed914f915c11fa8a7fedf7686e5aded96cb6daabb8dddda80d2639dd93ce3e1e9fceb9c59e7d90066c1200c8ea7a7f4a6ed76ed26ecde9d246a1ae26529ef804a8e878f2f77158c9be0f44a09bb606960b2bbeceaa5baaa5fc72192598966675c9183938f11e19e051a7d76eee3f0f60d3d96110404c2a36e18e0fc591e3863e3c9e78a5ed0d19b4dbfc01bb0132c3cc9e3eb8aded6676d075080e480c840f2278cff00d7f4a97763a43afe106b8b61a5dfd94801c4e2519f00540c7fd0fdeb295bb217b6d64f3a4d2c518955486660338cf1cf8f24d657b71628ca36737a89ca391a45dd5b47d66695458db168d63001691570c7963d7ccd588740d71c1ef6f2e1085181ba3393e20fbbfd6987db369c6ee7d1715b35fb2f4df8ebcad7cdfd53a84aa3b1d19618cff24078fb3babaa296b89656c1c80ea3cbc768fe1fde19742d65ae62bc9ed13be882a47dcb6e38031cee651f5fd28dfb7cb93b8ba8ad86a0e580133b71e0293ff004fa8e5ee258a11fc501759d1352d61addaf6caf24740473342a3079c120138f97dea7d43b2fa8ea896cd24f05a2c4b816eaa645e0f4078c0c0028b9d4b6fc72499f00580ac5d490e400e479ee06b3975f9dada91a242e6a5d8bbdbbb80e93d94655301522645ea4f4e71d4fdeade9fd8e9ace5ef9eea294ec2a10a600cf8e73fca8d9bb6c1da1c13e19fef5e8bc91bdd1de649f123fad4fcfcfec7a580e5ec9ea734b34cd7f6a6494ee2cc84e0f8e06ee9d3ed5bd9f636eade59e496f5499d02b0438030460f5e7a789a2d25f3c676b473e7d3247e86b57d41c11fbb9867a3146c51f3ba86b9138b25d33474d3a2b884277b05c2932a492ee0ee5998f04fba39e83d739a58d63b35797210db59d92c8d9129497681cf00781c0f3f2a62f6f978521812323dd3cfeb5e7b6c9f0e587cd3fbd35d7e78f24a5e85fb2ec0240cbdfdcb5c44ab8eeb8424f812cac7f4a9efbb39a830861b08ad22b68e3eef0f2348eab9cf19f527c8f8668d09a56f81cb3792264d45ed5283b5bbecff00b76f3f6cd0baecf7765530259f642fe0b59a259edf748d90db4f0307c3ea6abffe157cb6f242b73100c57e1665ce33d78e7923ed4c8b72cf9c29dde4c304d78d70c00062c67cda8f9d9bd8d2625ffebfd424ca5d4d084e08ee989e40f51f3aca7269e451911103cc35655fcfccfc83c6c57fda6eebbb6ed519f794e4fcbafa54b05fbc920014aa01d5d87df14c2218839c4483e4a2b665008000c63a562e71f44a834f762eb5d21567ef998671d7afa544b7a55c6d6009cf2581ce3ca9b0fbabeef1c81c5785d9465588c30c60fcea7b8bd14f15f916e3ba91db2319f12c3e2e7d335badcce0025491f624f960e0d34db4d29eb239e075635e877debef37c5e750f3afd4aed35e457fda455c426de4ef48ce0ae063c0d4c2f09cf7b120038c3202451c2ecb8dac47bfe07e55edbcd2969c191c804e06e3c714bb917e03b525e40ef7970abb6384907cd3071e62b15aefe3da517182003fc28c8762172c4e7ccfad6c49c9193fe66a7b91f40e0f9b0034b731b650381e6a1b9ad9a6b99240c7bd2b8fcc8c09f90c516691c471e1d8673d0fa578cec7ab13c79d57717a23b2f9b2925cce14916d330f0e093f6a85ae262c3f77382de1b0e07356d9887e09ea7c6a589dc630cdc939e7e54b5abe074f804c9a85d28c08e5e3a7b847f2eb517ed369331c8b22927de620e17fad305c48eb112aec3a0e0fa9aa32c9219882ed8dc78cd6b19c5f80a6bc82975156244524d2ed1ced635957e777eed7de6e9e75ed56a8fa1efecfffd9, 'Barcelona', 'Trujillo'),
(5, 'adgfdgd', '2014-07-03', 0xffd8ffe000104a46494600010100000100010000ffdb008400090607080706090807080a0a090b0d160f0d0c0c0d1b14151016201d2222201d1f1f2428342c242631271f1f2d3d2d3135373a3a3a232b3f443f384334393a37010a0a0a0d0c0d1a0f0f1a37251f253737373737373737373737373737373737373737373737373737373737373737373737373737373737373737373737373737ffc0001108005a008703012200021101031101ffc4001b00000202030100000000000000000000000506030400020701ffc4003910000201030301050603070403000000000102030004110512213106134151611422327181910742a11523b1c1d1e1f0335272a2161782ffc4001a010003010101010000000000000000000000010203050406ffc40026110002020103040105010000000000000000010211031221310413415114152232526105ffda000c03010002110311003f00a046df85cfdab5dcdb8641da6888b763f97f4af4c1c608e2bad670681b2843f0b1fb540d1b1e141268c7b2e7a05a9a3b37f05fd2958c0d12c898257ef446dd8f90abc2ccfe618a9a3b34f0cd160408cdc54cade7d6ac8b3047ba16bd160de181f5a9b0200d8f0352894638524d49ec6ea3273f7a8d9197cfef46c324123118db5ea93e3500603aa9adc48be5482cb224c0acef49fcc0556ef18fc350cacfe2714a835171e661f9c55596e31f98555759d870af55da099bf2b55a8a275124b7209e5856543ec0dd5f22b2aa90ad8512de45ea8c7e9576dec64931fbbebe94cb25aabe32010062bd8b6a1da31586bb2a808da349b72545577b0990e028e3d6990ccbbb61fbd5882c558ef3927d454eb6b92946f81563b26273311b7d0d6decaa8d944c0a6992c7767a28ff008d40f6298c34807c968ee06862db2055dcca4569deaa8e01a393d8c4a32d293e954deda3f31f5ab524c5a59445c6472b9f4a9a210b73271e82bc78d133c826abbc8abd6ab9122d3c30b7c22b44b684125eaaac849c039a906e27a1a5432768adf6f4c55695a14e8a2ad451027f79c0f4ab4218c8180df5153743a020959cfb8ac7d00ac64b827fd065f98a3aca1475c0f9d46ec0f56a3506904a5948fcb06159445a451e39fad653d4c29059eef4dc1df73b1bccb7f7a1171aa5af7a422bb8ff0073362a18b4e4b9b76b816f34698e03672df21535968904b66b25c195252fd157e15f5142d11e590d4e5c04f4d9eda541be7b7887934dc9fa1a28b711dba809711483fe793f4c52eea105be977f1c9671931ac6096650706a2935f609930c2c40249d9d6b392bdd1b47edd9f239026440d82335035b3b9cef35cddfb7d79a66a617569a08ecde2320223f80e40007a75ad9ff0016749cb6d9e62078ac2715845a92b4cf4cb1493e2c7db8b46dbc92079d09bbb7da0fbf93f3ae61dadedaea3a85fc579a36a3a825949188c2c45d0778bf171f51cd08b6d57b457b14b3c175a8c91c2c5646ef88da40cf427c8d5472531be976bba3aa1b49e6e53017cc9ade2d19df05e64fbe6b95e91adead26a765dedf5e3234c81834cc460b007233d2bb1430db2213733499f246c0ad6395c96c63930686932acb6705b7fa6e80f89c9350a4c10fbac1beb59af5e5958e9f2dc59d9c9772a2938259f1c139c0ebd2b9fa7e24dd18b9d2225603928ae011e27d28795274c51c129ab89d17da273d0051f2a9a0134edb43807e75cf2c3f13e31206b9d25265270162b921b3e1c15e6bacc77b04109794416eb91f9c78f9f4a979156c53c328bfb8a834f23990337ff550cd659ced4753e86a47ed5f6743956d6ac415ce7f7e38f9d14b7bab69eda3bbb7ba824b7917724aad9561e60d67dd68aec805f4b9c7e5273e39aca65599244dc191c1e8ca4106b28ef483b3116ee3b4fa7da6a767a5c81c5c5c0c00832aa402792791faf5adae7539b7b1b54c707208c8c5723d5afe46ed059ea10ee631be4b60800ab636fe9fa537fed993390157e4d5a628b95939d2c75fd0f3ea17d3623948642790f10354eeb5dd1b4394c37b6ecd7576bdcc4225dca0b02338278e7c6877ed591b92c73f314b171792ff00e6d6d20773211ceee81082303e993f5a7954a292f61d3e99c9bf5b947f105d43c676a9cdb7008cf46f5f9d048ac84ba4ca638a25f67903960815e45e846eebe47ef4c5f88e1a29a1408157d9f00f8e7752eb6f1a34d7328251e611439c80c304b30f3f0fad78a3c23ae92a0d40e53b3f6d1a398216ddbd71f16646c73f53fe0e0cf64364b0eab106057b9ef30075c020ff001149b71a85e0b1b0b7076c2a8ed82b8dd976ebf6147bb237460ba9d8060b2d9c8afe39e84f1f4aa83719599e58dc1a60dbcef94fbae176b724373bbf953bf643599753ef2d2e0959208c6242d92de049cf8f4a54d4a26431c5267bd037c8391b493900fae0024fad5cec5111ebf76a01188318f3cb2ff9f5ad70c9a96c63d4c232c6db5c0ebaa0786ce6924914a847e33d7dd35cb2eae595dd481968c8393e9d2ba0bdf36a3d9ebfba2ab1bc10ce0a8f352c9d7e95cf2e043eccd72cc0ec04100739ce3146496a9b62e961a61443632bc490cf132f791ed914f915c11fa8a7fedf7686e5aded96cb6daabb8dddda80d2639dd93ce3e1e9fceb9c59e7d90066c1200c8ea7a7f4a6ed76ed26ecde9d246a1ae26529ef804a8e878f2f77158c9be0f44a09bb606960b2bbeceaa5baaa5fc72192598966675c9183938f11e19e051a7d76eee3f0f60d3d96110404c2a36e18e0fc591e3863e3c9e78a5ed0d19b4dbfc01bb0132c3cc9e3eb8aded6676d075080e480c840f2278cff00d7f4a97763a43afe106b8b61a5dfd94801c4e2519f00540c7fd0fdeb295bb217b6d64f3a4d2c518955486660338cf1cf8f24d657b71628ca36737a89ca391a45dd5b47d66695458db168d63001691570c7963d7ccd588740d71c1ef6f2e1085181ba3393e20fbbfd6987db369c6ee7d1715b35fb2f4df8ebcad7cdfd53a84aa3b1d19618cff24078fb3babaa296b89656c1c80ea3cbc768fe1fde19742d65ae62bc9ed13be882a47dcb6e38031cee651f5fd28dfb7cb93b8ba8ad86a0e580133b71e0293ff004fa8e5ee258a11fc501759d1352d61addaf6caf24740473342a3079c120138f97dea7d43b2fa8ea896cd24f05a2c4b816eaa645e0f4078c0c0028b9d4b6fc72499f00580ac5d490e400e479ee06b3975f9dada91a242e6a5d8bbdbbb80e93d94655301522645ea4f4e71d4fdeade9fd8e9ace5ef9eea294ec2a10a600cf8e73fca8d9bb6c1da1c13e19fef5e8bc91bdd1de649f123fad4fcfcfec7a580e5ec9ea734b34cd7f6a6494ee2cc84e0f8e06ee9d3ed5bd9f636eade59e496f5499d02b0438030460f5e7a789a2d25f3c676b473e7d3247e86b57d41c11fbb9867a3146c51f3ba86b9138b25d33474d3a2b884277b05c2932a492ee0ee5998f04fba39e83d739a58d63b35797210db59d92c8d9129497681cf00781c0f3f2a62f6f978521812323dd3cfeb5e7b6c9f0e587cd3fbd35d7e78f24a5e85fb2ec0240cbdfdcb5c44ab8eeb8424f812cac7f4a9efbb39a830861b08ad22b68e3eef0f2348eab9cf19f527c8f8668d09a56f81cb3792264d45ed5283b5bbecff00b76f3f6cd0baecf7765530259f642fe0b59a259edf748d90db4f0307c3ea6abffe157cb6f242b73100c57e1665ce33d78e7923ed4c8b72cf9c29dde4c304d78d70c00062c67cda8f9d9bd8d2625ffebfd424ca5d4d084e08ee989e40f51f3aca7269e451911103cc35655fcfccfc83c6c57fda6eebbb6ed519f794e4fcbafa54b05fbc920014aa01d5d87df14c2218839c4483e4a2b665008000c63a562e71f44a834f762eb5d21567ef998671d7afa544b7a55c6d6009cf2581ce3ca9b0fbabeef1c81c5785d9465588c30c60fcea7b8bd14f15f916e3ba91db2319f12c3e2e7d335badcce0025491f624f960e0d34db4d29eb239e075635e877debef37c5e750f3afd4aed35e457fda455c426de4ef48ce0ae063c0d4c2f09cf7b120038c3202451c2ecb8dac47bfe07e55edbcd2969c191c804e06e3c714bb917e03b525e40ef7970abb6384907cd3071e62b15aefe3da517182003fc28c8762172c4e7ccfad6c49c9193fe66a7b91f40e0f9b0034b731b650381e6a1b9ad9a6b99240c7bd2b8fcc8c09f90c516691c471e1d8673d0fa578cec7ab13c79d57717a23b2f9b2925cce14916d330f0e093f6a85ae262c3f77382de1b0e07356d9887e09ea7c6a589dc630cdc939e7e54b5abe074f804c9a85d28c08e5e3a7b847f2eb517ed369331c8b22927de620e17fad305c48eb112aec3a0e0fa9aa32c9219882ed8dc78cd6b19c5f80a6bc82975156244524d2ed1ced635957e777eed7de6e9e75ed56a8fa1efecfffd9, 'Aragua', 'Amazonas');

-- --------------------------------------------------------

--
-- Estructura de tabla para la tabla `reporte_fallas`
--

CREATE TABLE IF NOT EXISTS `reporte_fallas` (
  `idreporte` int(11) NOT NULL AUTO_INCREMENT,
  `usuarios_idusuarios` int(11) NOT NULL,
  `id_usuario` int(11) DEFAULT NULL,
  `fecha` date DEFAULT NULL,
  `titulo` varchar(50) COLLATE utf8_spanish_ci DEFAULT NULL,
  `des_problema` text COLLATE utf8_spanish_ci,
  PRIMARY KEY (`idreporte`)
) ENGINE=InnoDB  DEFAULT CHARSET=utf8 COLLATE=utf8_spanish_ci AUTO_INCREMENT=5 ;

--
-- Volcar la base de datos para la tabla `reporte_fallas`
--

INSERT INTO `reporte_fallas` (`idreporte`, `usuarios_idusuarios`, `id_usuario`, `fecha`, `titulo`, `des_problema`) VALUES
(1, 0, NULL, '0000-00-00', '', ''),
(2, 0, NULL, '0000-00-00', 'fdgh', 'x'),
(3, 0, NULL, '2014-05-27', 'daÃ±o', 'sdfgh'),
(4, 0, NULL, '2014-06-10', 'no lo comprendo', 'mm ya ');

-- --------------------------------------------------------

--
-- Estructura de tabla para la tabla `status`
--

CREATE TABLE IF NOT EXISTS `status` (
  `idstatus` int(11) NOT NULL AUTO_INCREMENT,
  `punto_libre_idpunto_libre` int(11) NOT NULL,
  `situacion_actual` enum('activo','inactivo') COLLATE utf8_spanish_ci DEFAULT NULL,
  `fecha_evento` date DEFAULT NULL,
  `motivo` text COLLATE utf8_spanish_ci,
  PRIMARY KEY (`idstatus`),
  KEY `fk_status_punto_libre1_idx` (`punto_libre_idpunto_libre`)
) ENGINE=InnoDB  DEFAULT CHARSET=utf8 COLLATE=utf8_spanish_ci AUTO_INCREMENT=140 ;

--
-- Volcar la base de datos para la tabla `status`
--

INSERT INTO `status` (`idstatus`, `punto_libre_idpunto_libre`, `situacion_actual`, `fecha_evento`, `motivo`) VALUES
(135, 1, 'activo', '2014-06-02', 'InaguraciÃ³n'),
(136, 2, 'inactivo', '2014-06-17', 'fallo de computadores en el punto'),
(137, 3, 'activo', '2014-06-19', 'InaguraciÃ³n'),
(138, 4, 'activo', '2014-06-02', 'InaguraciÃ³n'),
(139, 5, 'activo', '2014-07-03', 'InaguraciÃ³n');

-- --------------------------------------------------------

--
-- Estructura de tabla para la tabla `usuarios`
--

CREATE TABLE IF NOT EXISTS `usuarios` (
  `idusuarios` int(11) NOT NULL AUTO_INCREMENT,
  `personas_idpersonas` int(11) NOT NULL,
  `clave` varchar(32) COLLATE utf8_spanish_ci DEFAULT NULL,
  `login` varchar(20) COLLATE utf8_spanish_ci DEFAULT NULL,
  `cargo` varchar(45) COLLATE utf8_spanish_ci DEFAULT NULL,
  PRIMARY KEY (`idusuarios`),
  KEY `fk_usuarios_personas_idx` (`personas_idpersonas`)
) ENGINE=InnoDB  DEFAULT CHARSET=utf8 COLLATE=utf8_spanish_ci AUTO_INCREMENT=793 ;

--
-- Volcar la base de datos para la tabla `usuarios`
--

INSERT INTO `usuarios` (`idusuarios`, `personas_idpersonas`, `clave`, `login`, `cargo`) VALUES
(775, 21, 'b4ffb899e620054a32e6368d815cefce', 'oso', 'Tecnico'),
(776, 22, '', 'pepito', 'Punto'),
(777, 23, '202cb962ac59075b964b07152d234b70', 'oso', 'Encargado'),
(778, 24, '202cb962ac59075b964b07152d234b70', 'joanny', 'Docente'),
(779, 25, 'a70f9e38ff015afaa9ab0aacabee2e13', 'anna', 'Docente'),
(780, 26, '202cb962ac59075b964b07152d234b70', 'eff', 'ecargada'),
(781, 27, '202cb962ac59075b964b07152d234b70', 'ericka', 'cargo'),
(782, 28, 'd41d8cd98f00b204e9800998ecf8427e', '', 'cargo'),
(783, 29, '202cb962ac59075b964b07152d234b70', 'ackseriam', 'Administrador'),
(784, 30, '33ceb07bf4eeb3da587e268d663aba1a', 'nelly', 'Secretaria'),
(785, 31, '202cb962ac59075b964b07152d234b70', 'dfdfsd', 'Regional'),
(786, 32, '202cb962ac59075b964b07152d234b70', 'ack', 'Docente'),
(787, 33, 'd41d8cd98f00b204e9800998ecf8427e', '', 'cargo'),
(788, 34, '202cb962ac59075b964b07152d234b70', 'ac', 'cargo'),
(789, 35, '202cb962ac59075b964b07152d234b70', 'er', 'Administrador'),
(790, 36, '263bce650e68ab4e23f28263760b9fa5', 'maria', 'Ayudante'),
(791, 37, '202cb962ac59075b964b07152d234b70', 'ackseriam5', 'Encargado'),
(792, 38, '827ccb0eea8a706c4c34a16891f84e7b', 'omar', 'Docente');

-- --------------------------------------------------------

--
-- Estructura de tabla para la tabla `usuarios_has_nivel_usuario`
--

CREATE TABLE IF NOT EXISTS `usuarios_has_nivel_usuario` (
  `usuarios_idusuarios` int(11) NOT NULL,
  `nivel_usuario_idnivel_usuario` int(11) NOT NULL,
  KEY `fk_usuarios_has_nivel_usuario_nivel_usuario1_idx` (`nivel_usuario_idnivel_usuario`),
  KEY `fk_usuarios_has_nivel_usuario_usuarios1_idx` (`usuarios_idusuarios`)
) ENGINE=InnoDB DEFAULT CHARSET=utf8 COLLATE=utf8_spanish_ci;

--
-- Volcar la base de datos para la tabla `usuarios_has_nivel_usuario`
--


-- --------------------------------------------------------

--
-- Estructura de tabla para la tabla `usuarios_has_punto_libre`
--

CREATE TABLE IF NOT EXISTS `usuarios_has_punto_libre` (
  `usuarios_idusuarios` int(11) NOT NULL,
  `punto_libre_idpunto_libre` int(11) NOT NULL,
  `Tipo_cargo` varchar(30) COLLATE utf8_spanish_ci NOT NULL,
  PRIMARY KEY (`usuarios_idusuarios`,`punto_libre_idpunto_libre`),
  KEY `fk_usuarios_has_punto_libre_punto_libre1_idx` (`punto_libre_idpunto_libre`),
  KEY `fk_usuarios_has_punto_libre_usuarios1_idx` (`usuarios_idusuarios`)
) ENGINE=InnoDB DEFAULT CHARSET=utf8 COLLATE=utf8_spanish_ci;

--
-- Volcar la base de datos para la tabla `usuarios_has_punto_libre`
--

INSERT INTO `usuarios_has_punto_libre` (`usuarios_idusuarios`, `punto_libre_idpunto_libre`, `Tipo_cargo`) VALUES
(775, 4, 'Encargado del Punto'),
(778, 3, 'Docente'),
(779, 3, 'Ayudante'),
(780, 4, 'Secretaria'),
(781, 5, 'Secretaria'),
(783, 2, 'Docente'),
(783, 3, 'Secretaria'),
(784, 2, 'Ayudante'),
(784, 3, 'Encargado del Punto'),
(786, 1, 'Encargado del Punto'),
(786, 4, 'Docente'),
(787, 1, 'Secretaria'),
(787, 4, 'Ayudante'),
(787, 5, 'Encargado del Punto'),
(788, 1, 'Ayudante'),
(788, 2, 'Encargado del Punto'),
(789, 1, 'Docente'),
(789, 2, 'Secretaria'),
(790, 5, 'Ayudante'),
(792, 5, 'Docente');

--
-- Filtros para las tablas descargadas (dump)
--

--
-- Filtros para la tabla `historial`
--
ALTER TABLE `historial`
  ADD CONSTRAINT `fk_historial_usuarios1` FOREIGN KEY (`usuarios_idusuarios`) REFERENCES `usuarios` (`idusuarios`) ON DELETE NO ACTION ON UPDATE NO ACTION;

--
-- Filtros para la tabla `status`
--
ALTER TABLE `status`
  ADD CONSTRAINT `status_ibfk_1` FOREIGN KEY (`punto_libre_idpunto_libre`) REFERENCES `punto_libre` (`idpunto_libre`) ON DELETE CASCADE ON UPDATE CASCADE;

--
-- Filtros para la tabla `usuarios`
--
ALTER TABLE `usuarios`
  ADD CONSTRAINT `usuarios_ibfk_1` FOREIGN KEY (`personas_idpersonas`) REFERENCES `personas` (`idpersonas`) ON DELETE CASCADE ON UPDATE CASCADE;

--
-- Filtros para la tabla `usuarios_has_nivel_usuario`
--
ALTER TABLE `usuarios_has_nivel_usuario`
  ADD CONSTRAINT `fk_usuarios_has_nivel_usuario_nivel_usuario1` FOREIGN KEY (`nivel_usuario_idnivel_usuario`) REFERENCES `nivel_usuario` (`idnivel_usuario`) ON DELETE NO ACTION ON UPDATE NO ACTION,
  ADD CONSTRAINT `fk_usuarios_has_nivel_usuario_usuarios1` FOREIGN KEY (`usuarios_idusuarios`) REFERENCES `usuarios` (`idusuarios`) ON DELETE NO ACTION ON UPDATE NO ACTION;

--
-- Filtros para la tabla `usuarios_has_punto_libre`
--
ALTER TABLE `usuarios_has_punto_libre`
  ADD CONSTRAINT `usuarios_has_punto_libre_ibfk_1` FOREIGN KEY (`usuarios_idusuarios`) REFERENCES `usuarios` (`idusuarios`) ON DELETE CASCADE ON UPDATE NO ACTION,
  ADD CONSTRAINT `usuarios_has_punto_libre_ibfk_2` FOREIGN KEY (`punto_libre_idpunto_libre`) REFERENCES `punto_libre` (`idpunto_libre`) ON DELETE CASCADE ON UPDATE NO ACTION;
